code_rome,statut,indice_tension,proba_tension
A1101,SATURE,37.6,0.434
A1102,SATURE,35.1,0.029
A1202,SATURE,27.6,0.267
A1203,TRES EN TENSION,170.7,0.51
A1208,TRES EN TENSION,346.3,0.785
A1209,EQUILIBRE,50.2,0.759
A1211,TRES EN TENSION,158.1,0.659
A1221,EN TENSION,100.4,0.54
A1301,SATURE,25.1,0.053
A1303,EQUILIBRE,55.2,0.125
A1306,EQUILIBRE,55.2,0.264
A1405,SATURE,42.7,0.024
A1408,SATURE,27.6,0.181
A1420,EQUILIBRE,55.2,0.013
A1422,SATURE,37.6,0.217
A1433,SATURE,32.6,0.737
A1436,TRES EN TENSION,173.2,0.783
A1501,SATURE,30.1,0.205
A1504,SATURE,45.2,0.244
A1506,SATURE,27.6,0.043
B1301,SATURE,45.2,0.089
B1803,SATURE,35.1,0.086
C1102,TRES EN TENSION,178.2,0.944
C1105,SATURE,27.6,0.048
C1109,EN TENSION,140.5,0.159
C1110,EQUILIBRE,52.7,0.682
C1116,SATURE,45.2,0.213
C1120,EQUILIBRE,52.7,0.069
C1129,EQUILIBRE,92.9,0.418
C1130,TRES EN TENSION,153.1,0.125
C1202,EQUILIBRE,70.3,0.052
C1203,EQUILIBRE,52.7,0.886
C1204,SATURE,27.6,0.06
C1205,TRES EN TENSION,281.1,0.987
C1206,TRES EN TENSION,163.1,0.241
C1208,EQUILIBRE,62.7,0.203
C1209,SATURE,40.2,0.547
C1213,SATURE,25.1,0.025
C1214,SATURE,35.1,0.057
C1217,TRES EN TENSION,273.6,0.465
C1302,TRES EN TENSION,168.2,0.967
C1305,SATURE,32.6,0.202
C1306,SATURE,30.1,0.06
C1401,SATURE,25.1,0.075
C1501,TRES EN TENSION,291.1,0.921
C1502,TRES EN TENSION,328.8,0.927
C1503,EN TENSION,100.4,0.831
C1504,TRES EN TENSION,2467.1,0.557
C1505,EQUILIBRE,77.8,0.224
C1506,EQUILIBRE,70.3,0.089
C1507,EN TENSION,148.1,0.418
C1508,EN TENSION,118.0,0.148
D1101,TRES EN TENSION,434.2,0.925
D1102,TRES EN TENSION,509.5,0.362
D1103,EQUILIBRE,77.8,0.945
D1104,TRES EN TENSION,444.2,0.308
D1105,EN TENSION,120.5,0.6
D1106,TRES EN TENSION,1006.4,0.859
D1107,EQUILIBRE,55.2,0.037
D1108,SATURE,42.7,0.029
D1109,SATURE,30.1,0.054
D1113,EQUILIBRE,92.9,0.722
D1117,EQUILIBRE,52.7,0.109
D1202,TRES EN TENSION,976.3,0.91
D1204,SATURE,27.6,0.228
D1205,SATURE,37.6,0.037
D1208,TRES EN TENSION,286.1,0.944
D1209,EN TENSION,143.1,0.943
D1210,SATURE,42.7,0.374
D1211,EN TENSION,105.4,0.949
D1212,TRES EN TENSION,512.0,0.854
D1213,EQUILIBRE,87.8,0.218
D1214,TRES EN TENSION,248.5,0.826
D1216,EQUILIBRE,80.3,0.1
D1219,SATURE,45.2,0.796
D1220,SATURE,27.6,0.029
D1221,SATURE,42.7,0.095
D1222,SATURE,32.6,0.098
D1223,SATURE,35.1,0.175
D1225,SATURE,25.1,0.023
D1231,EQUILIBRE,60.2,0.817
D1240,EQUILIBRE,85.3,0.041
D1241,EQUILIBRE,50.2,0.155
D1245,EN TENSION,100.4,0.431
D1246,TRES EN TENSION,175.7,0.086
D1249,EQUILIBRE,70.3,0.777
D1251,EQUILIBRE,82.8,0.368
D1302,TRES EN TENSION,655.0,0.996
D1401,TRES EN TENSION,677.6,0.968
D1402,TRES EN TENSION,210.8,0.933
D1403,TRES EN TENSION,662.6,0.08
D1404,TRES EN TENSION,190.7,0.693
D1406,TRES EN TENSION,233.4,0.541
D1407,TRES EN TENSION,517.0,0.97
D1408,TRES EN TENSION,266.0,0.13
D1409,TRES EN TENSION,434.2,0.96
D1410,TRES EN TENSION,1310.1,0.236
D1413,EQUILIBRE,50.2,0.063
D1415,TRES EN TENSION,198.3,0.724
D1416,TRES EN TENSION,321.2,0.937
D1417,EQUILIBRE,60.2,0.568
D1420,TRES EN TENSION,208.3,0.457
D1422,EQUILIBRE,87.8,0.089
D1424,EQUILIBRE,57.7,0.058
D1429,EQUILIBRE,80.3,0.177
D1431,EQUILIBRE,97.9,0.372
D1432,EQUILIBRE,70.3,0.439
D1433,SATURE,40.2,0.488
D1438,SATURE,27.6,0.124
D1443,SATURE,35.1,0.092
D1444,EN TENSION,143.1,0.994
D1501,TRES EN TENSION,183.2,0.142
D1502,TRES EN TENSION,361.4,0.542
D1503,TRES EN TENSION,168.2,0.274
D1504,TRES EN TENSION,286.1,0.601
D1505,TRES EN TENSION,760.5,0.59
D1506,EQUILIBRE,67.8,0.226
D1507,TRES EN TENSION,1365.3,0.725
D1508,TRES EN TENSION,210.8,0.791
D1509,EN TENSION,140.5,0.995
D1510,EQUILIBRE,82.8,0.098
D1513,EQUILIBRE,90.4,0.524
D1517,EQUILIBRE,80.3,0.267
E1101,EQUILIBRE,80.3,0.081
E1103,TRES EN TENSION,198.3,0.481
E1107,EQUILIBRE,65.3,0.097
E1109,EQUILIBRE,55.2,0.582
E1112,EN TENSION,135.5,0.11
E1113,EN TENSION,105.4,0.078
E1117,SATURE,32.6,0.78
E1123,SATURE,47.7,0.042
E1124,SATURE,42.7,0.046
E1205,EQUILIBRE,70.3,0.962
E1206,EQUILIBRE,50.2,0.257
E1214,EQUILIBRE,50.2,0.055
E1301,EQUILIBRE,77.8,0.164
E1304,SATURE,27.6,0.101
E1306,SATURE,32.6,0.201
E1307,SATURE,40.2,0.271
E1401,SATURE,47.7,0.091
E1403,SATURE,37.6,0.074
E1405,SATURE,27.6,0.096
F1101,EN TENSION,118.0,0.872
F1102,SATURE,35.1,0.165
F1103,EQUILIBRE,90.4,0.27
F1104,TRES EN TENSION,266.0,0.878
F1105,SATURE,27.6,0.041
F1106,TRES EN TENSION,391.5,0.299
F1107,EQUILIBRE,77.8,0.107
F1108,TRES EN TENSION,158.1,0.874
F1110,SATURE,37.6,0.032
F1111,TRES EN TENSION,155.6,0.663
F1112,TRES EN TENSION,150.6,0.853
F1113,EQUILIBRE,67.8,0.326
F1117,TRES EN TENSION,303.7,0.994
F1120,TRES EN TENSION,165.6,0.127
F1125,TRES EN TENSION,273.6,0.87
F1130,EN TENSION,100.4,0.979
F1133,SATURE,27.6,0.052
F1135,TRES EN TENSION,752.9,0.949
F1137,TRES EN TENSION,175.7,0.417
F1140,EQUILIBRE,72.8,0.125
F1141,EQUILIBRE,62.7,0.134
F1143,SATURE,30.1,0.06
F1201,TRES EN TENSION,808.1,0.964
F1202,TRES EN TENSION,710.3,0.956
F1203,EQUILIBRE,52.7,0.289
F1204,TRES EN TENSION,276.1,0.968
F1205,TRES EN TENSION,298.7,0.944
F1206,TRES EN TENSION,301.2,0.6
F1207,EQUILIBRE,57.7,0.649
F1208,EN TENSION,143.1,0.697
F1209,EQUILIBRE,60.2,0.242
F1301,EQUILIBRE,62.7,0.018
F1302,TRES EN TENSION,404.1,0.968
F1303,SATURE,25.1,0.02
F1502,EQUILIBRE,57.7,0.074
F1503,EQUILIBRE,70.3,0.414
F1505,SATURE,30.1,0.359
F1602,TRES EN TENSION,572.2,0.924
F1603,TRES EN TENSION,341.3,0.751
F1604,EN TENSION,107.9,0.698
F1605,TRES EN TENSION,454.3,0.93
F1606,EN TENSION,128.0,0.201
F1607,SATURE,37.6,0.037
F1608,EQUILIBRE,67.8,0.321
F1609,EQUILIBRE,62.7,0.236
F1611,EQUILIBRE,75.3,0.29
F1612,SATURE,47.7,0.731
F1613,EN TENSION,105.4,0.99
F1614,TRES EN TENSION,291.1,0.688
F1616,EN TENSION,128.0,0.932
F1619,TRES EN TENSION,266.0,0.929
F1620,TRES EN TENSION,461.8,0.752
F1622,EQUILIBRE,67.8,0.015
F1629,SATURE,35.1,0.06
F1701,EN TENSION,107.9,0.936
F1702,EN TENSION,143.1,0.874
F1703,TRES EN TENSION,404.1,0.785
F1704,TRES EN TENSION,313.7,0.377
F1705,EN TENSION,118.0,0.7
F1712,SATURE,25.1,0.113
G1101,SATURE,32.6,0.118
G1201,EQUILIBRE,72.8,0.039
G1202,SATURE,25.1,0.019
G1203,TRES EN TENSION,173.2,0.657
G1204,EN TENSION,128.0,0.114
G1209,SATURE,25.1,0.275
G1217,SATURE,32.6,0.056
G1223,SATURE,27.6,0.052
G1224,EQUILIBRE,52.7,0.353
G1237,EQUILIBRE,55.2,0.068
G1239,SATURE,27.6,0.213
G1241,SATURE,37.6,0.03
G1302,TRES EN TENSION,271.1,0.933
G1303,EQUILIBRE,72.8,0.35
G1306,SATURE,35.1,0.46
G1401,TRES EN TENSION,233.4,0.746
G1404,EN TENSION,110.4,0.638
G1409,TRES EN TENSION,351.4,0.575
G1410,SATURE,40.2,0.494
G1413,EN TENSION,130.5,0.75
G1501,TRES EN TENSION,263.5,0.753
G1502,EN TENSION,123.0,0.703
G1503,EN TENSION,107.9,0.624
G1601,TRES EN TENSION,476.9,0.934
G1602,TRES EN TENSION,868.4,0.782
G1603,TRES EN TENSION,996.4,0.822
G1604,EQUILIBRE,80.3,0.657
G1605,TRES EN TENSION,198.3,0.566
G1606,TRES EN TENSION,158.1,0.576
G1607,TRES EN TENSION,155.6,0.964
G1609,TRES EN TENSION,1345.2,0.652
G1610,EQUILIBRE,62.7,0.115
G1703,TRES EN TENSION,494.4,0.913
G1706,EQUILIBRE,80.3,0.156
G1801,TRES EN TENSION,185.7,0.349
G1802,EN TENSION,128.0,0.172
G1803,TRES EN TENSION,627.4,0.753
G1805,SATURE,25.1,0.177
G1809,EQUILIBRE,87.8,0.565
G1810,TRES EN TENSION,391.5,0.549
H1101,TRES EN TENSION,158.1,0.393
H1102,TRES EN TENSION,190.7,0.491
H1103,EQUILIBRE,60.2,0.028
H1106,EN TENSION,112.9,0.478
H1108,TRES EN TENSION,185.7,0.978
H1202,EQUILIBRE,95.4,0.655
H1203,TRES EN TENSION,251.0,0.538
H1204,EN TENSION,125.5,0.9
H1205,SATURE,45.2,0.554
H1206,TRES EN TENSION,893.5,0.885
H1207,SATURE,45.2,0.314
H1208,TRES EN TENSION,165.6,0.554
H1209,EN TENSION,102.9,0.374
H1210,TRES EN TENSION,276.1,0.173
H1211,SATURE,37.6,0.321
H1218,TRES EN TENSION,185.7,0.918
H1224,EN TENSION,138.0,0.905
H1235,EQUILIBRE,70.3,0.028
H1236,TRES EN TENSION,158.1,0.94
H1238,EQUILIBRE,72.8,0.006
H1301,EQUILIBRE,67.8,0.473
H1302,SATURE,40.2,0.046
H1303,EQUILIBRE,60.2,0.424
H1304,EQUILIBRE,60.2,0.274
H1308,SATURE,30.1,0.131
H1401,EQUILIBRE,75.3,0.092
H1402,EN TENSION,107.9,0.143
H1403,TRES EN TENSION,203.3,0.978
H1404,TRES EN TENSION,230.9,0.53
H1405,SATURE,35.1,0.353
H1406,EQUILIBRE,85.3,0.622
H1407,EQUILIBRE,82.8,0.058
H1408,EQUILIBRE,67.8,0.041
H1409,SATURE,27.6,0.03
H1410,EQUILIBRE,52.7,0.229
H1502,TRES EN TENSION,278.6,0.77
H1503,TRES EN TENSION,170.7,0.223
H1504,TRES EN TENSION,238.4,0.679
H1505,SATURE,37.6,0.196
H1506,TRES EN TENSION,150.6,0.369
H1507,EQUILIBRE,80.3,0.143
H1508,SATURE,35.1,0.356
H1516,SATURE,25.1,0.291
H1520,EQUILIBRE,77.8,0.337
H1522,EQUILIBRE,97.9,0.874
H1523,EQUILIBRE,52.7,0.629
H1524,EQUILIBRE,80.3,0.897
H1527,EQUILIBRE,80.3,0.264
H1528,EN TENSION,143.1,0.414
H1531,SATURE,35.1,0.158
H1535,EQUILIBRE,75.3,0.235
H2102,SATURE,47.7,0.475
H2105,EQUILIBRE,82.8,0.057
H2108,SATURE,45.2,0.111
H2204,SATURE,32.6,0.454
H2205,SATURE,25.1,0.169
H2206,TRES EN TENSION,203.3,0.752
H2207,SATURE,40.2,0.159
H2209,EN TENSION,128.0,0.628
H2303,SATURE,42.7,0.219
H2304,EQUILIBRE,57.7,0.063
H2502,TRES EN TENSION,323.8,0.91
H2503,EN TENSION,102.9,0.523
H2504,EQUILIBRE,72.8,0.219
H2507,TRES EN TENSION,185.7,0.98
H2515,SATURE,27.6,0.057
H2602,EN TENSION,148.1,0.852
H2603,EN TENSION,105.4,0.146
H2604,SATURE,42.7,0.168
H2605,TRES EN TENSION,348.9,0.966
H2901,TRES EN TENSION,454.3,0.939
H2902,TRES EN TENSION,326.3,0.987
H2903,TRES EN TENSION,885.9,0.986
H2905,EQUILIBRE,87.8,0.823
H2906,TRES EN TENSION,331.3,0.453
H2907,SATURE,40.2,0.103
H2909,TRES EN TENSION,441.7,0.803
H2911,EN TENSION,100.4,0.081
H2912,EQUILIBRE,80.3,0.41
H2913,EN TENSION,105.4,0.817
H2914,EN TENSION,120.5,0.503
H2916,SATURE,40.2,0.807
H2917,SATURE,47.7,0.066
H2918,SATURE,37.6,0.016
H2920,SATURE,25.1,0.092
H3204,SATURE,27.6,0.009
H3301,SATURE,37.6,0.353
H3302,TRES EN TENSION,313.7,0.681
H3303,SATURE,32.6,0.02
H3305,EQUILIBRE,95.4,0.293
H3309,SATURE,32.6,0.287
H3401,SATURE,30.1,0.112
H3402,SATURE,37.6,0.081
H3404,EN TENSION,133.0,0.962
I1101,EN TENSION,145.6,0.224
I1102,TRES EN TENSION,190.7,0.634
I1103,EN TENSION,115.4,0.059
I1104,SATURE,25.1,0.283
I1105,EN TENSION,105.4,0.664
I1109,EQUILIBRE,60.2,0.406
I1120,SATURE,27.6,0.206
I1121,EN TENSION,105.4,0.92
I1122,TRES EN TENSION,188.2,0.054
I1123,SATURE,30.1,0.023
I1202,SATURE,32.6,0.059
I1203,TRES EN TENSION,860.8,0.882
I1301,TRES EN TENSION,276.1,0.964
I1302,TRES EN TENSION,421.6,0.972
I1303,SATURE,45.2,0.186
I1304,TRES EN TENSION,1008.9,0.943
I1305,TRES EN TENSION,529.6,0.95
I1306,TRES EN TENSION,409.1,0.973
I1307,EQUILIBRE,50.2,0.588
I1308,TRES EN TENSION,507.0,0.977
I1309,TRES EN TENSION,868.4,0.913
I1310,TRES EN TENSION,150.6,0.976
I1311,EQUILIBRE,67.8,0.549
I1312,EQUILIBRE,85.3,0.601
I1313,SATURE,37.6,0.354
I1314,SATURE,45.2,0.381
I1316,TRES EN TENSION,476.9,0.983
I1317,SATURE,37.6,0.09
I1320,EN TENSION,123.0,0.932
I1323,EN TENSION,107.9,0.566
I1324,EN TENSION,128.0,0.3
I1325,SATURE,30.1,0.066
I1326,TRES EN TENSION,501.9,0.673
I1327,SATURE,47.7,0.09
I1332,SATURE,45.2,0.349
I1335,EN TENSION,145.6,0.922
I1401,TRES EN TENSION,215.8,0.176
I1402,TRES EN TENSION,203.3,0.891
I1404,TRES EN TENSION,215.8,0.988
I1501,EQUILIBRE,62.7,0.781
I1602,TRES EN TENSION,283.6,0.979
I1603,SATURE,32.6,0.317
I1604,TRES EN TENSION,926.1,0.893
I1605,SATURE,27.6,0.025
I1606,TRES EN TENSION,278.6,0.19
I1607,SATURE,37.6,0.579
I1609,EQUILIBRE,57.7,0.702
I1611,SATURE,37.6,0.678
I1612,EN TENSION,105.4,0.928
I1613,TRES EN TENSION,343.8,0.968
I1616,TRES EN TENSION,263.5,0.994
I1617,EQUILIBRE,90.4,0.068
I1618,SATURE,30.1,0.039
I1619,SATURE,32.6,0.096
I1623,EN TENSION,102.9,0.928
J1101,TRES EN TENSION,153.1,0.359
J1102,TRES EN TENSION,805.6,0.986
J1103,TRES EN TENSION,813.2,0.804
J1104,EQUILIBRE,52.7,0.088
J1105,TRES EN TENSION,223.4,0.948
J1111,EN TENSION,133.0,0.641
J1113,EQUILIBRE,95.4,0.554
J1114,SATURE,37.6,0.076
J1115,EN TENSION,112.9,0.951
J1116,SATURE,42.7,0.359
J1118,SATURE,32.6,0.094
J1121,SATURE,47.7,0.097
J1124,SATURE,40.2,0.721
J1125,SATURE,30.1,0.042
J1127,TRES EN TENSION,153.1,0.772
J1128,SATURE,35.1,0.041
J1131,TRES EN TENSION,248.5,0.83
J1132,SATURE,35.1,0.057
J1134,TRES EN TENSION,198.3,0.971
J1135,SATURE,27.6,0.024
J1136,SATURE,35.1,0.052
J1140,EN TENSION,140.5,0.037
J1141,EQUILIBRE,70.3,0.017
J1201,SATURE,25.1,0.098
J1202,TRES EN TENSION,602.3,0.98
J1301,EQUILIBRE,80.3,0.059
J1302,TRES EN TENSION,203.3,0.282
J1303,EQUILIBRE,75.3,0.191
J1304,TRES EN TENSION,1036.5,0.985
J1305,TRES EN TENSION,165.6,0.257
J1306,TRES EN TENSION,268.5,0.52
J1307,TRES EN TENSION,635.0,0.961
J1309,EQUILIBRE,62.7,0.066
J1312,EN TENSION,140.5,0.963
J1402,SATURE,45.2,0.058
J1403,TRES EN TENSION,396.5,0.797
J1404,TRES EN TENSION,512.0,0.921
J1405,TRES EN TENSION,170.7,0.994
J1406,TRES EN TENSION,248.5,0.931
J1407,EQUILIBRE,60.2,0.118
J1410,SATURE,40.2,0.585
J1412,TRES EN TENSION,431.7,0.992
J1415,SATURE,25.1,0.032
J1501,TRES EN TENSION,1513.4,0.942
J1502,TRES EN TENSION,1395.4,0.911
J1503,TRES EN TENSION,271.1,0.95
J1504,TRES EN TENSION,491.9,0.957
J1505,EQUILIBRE,50.2,0.154
J1506,TRES EN TENSION,2891.2,0.954
J1507,TRES EN TENSION,205.8,0.301
J1509,EQUILIBRE,85.3,0.653
J1510,TRES EN TENSION,228.4,0.929
J1511,SATURE,27.6,0.059
J1512,TRES EN TENSION,544.6,0.791
K1102,SATURE,27.6,0.034
K1104,TRES EN TENSION,712.8,0.994
K1201,TRES EN TENSION,875.9,0.775
K1202,TRES EN TENSION,1194.6,0.99
K1203,SATURE,32.6,0.341
K1204,EN TENSION,115.4,0.488
K1205,SATURE,25.1,0.29
K1206,TRES EN TENSION,160.6,0.766
K1207,TRES EN TENSION,1172.0,0.938
K1208,TRES EN TENSION,338.8,0.484
K1209,SATURE,25.1,0.055
K1215,EN TENSION,120.5,0.312
K1216,TRES EN TENSION,225.9,0.664
K1217,EQUILIBRE,50.2,0.54
K1224,EQUILIBRE,55.2,0.255
K1225,TRES EN TENSION,160.6,0.953
K1230,EQUILIBRE,60.2,0.333
K1301,EQUILIBRE,62.7,0.183
K1302,TRES EN TENSION,507.0,0.993
K1303,TRES EN TENSION,2065.5,0.336
K1304,TRES EN TENSION,3842.4,0.985
K1305,EN TENSION,120.5,0.253
K1306,TRES EN TENSION,444.2,0.926
K1307,TRES EN TENSION,742.9,0.471
K1308,SATURE,40.2,0.102
K1309,SATURE,25.1,0.06
K1310,EQUILIBRE,80.3,0.234
K1311,TRES EN TENSION,2070.5,0.996
K1314,SATURE,37.6,0.5
K1402,EQUILIBRE,50.2,0.018
K1403,EQUILIBRE,95.4,0.64
K1404,EQUILIBRE,55.2,0.349
K1407,EQUILIBRE,62.7,0.01
K1408,TRES EN TENSION,165.6,0.993
K1409,EQUILIBRE,97.9,0.141
K1413,SATURE,40.2,0.044
K1415,SATURE,32.6,0.053
K1422,EQUILIBRE,50.2,0.388
K1601,EQUILIBRE,82.8,0.166
K1701,EQUILIBRE,67.8,0.544
K1703,SATURE,35.1,0.095
K1705,EQUILIBRE,50.2,0.139
K1706,SATURE,35.1,0.014
K1707,EN TENSION,123.0,0.057
K1732,EQUILIBRE,72.8,0.018
K1735,SATURE,42.7,0.393
K1743,EQUILIBRE,80.3,0.165
K1801,TRES EN TENSION,225.9,0.987
K1802,EQUILIBRE,65.3,0.144
K1804,EQUILIBRE,50.2,0.014
K1812,EN TENSION,105.4,0.755
K1814,SATURE,25.1,0.046
K1901,SATURE,25.1,0.047
K1902,SATURE,40.2,0.151
K1903,TRES EN TENSION,687.7,0.962
K1906,SATURE,30.1,0.021
K1908,SATURE,30.1,0.02
K1911,SATURE,30.1,0.059
K1914,SATURE,25.1,0.042
K1915,EQUILIBRE,65.3,0.551
K2101,SATURE,40.2,0.127
K2102,EQUILIBRE,97.9,0.057
K2103,SATURE,42.7,0.07
K2104,EQUILIBRE,82.8,0.851
K2105,TRES EN TENSION,1129.4,0.352
K2106,EQUILIBRE,65.3,0.935
K2107,TRES EN TENSION,1254.9,0.707
K2108,EQUILIBRE,60.2,0.012
K2109,EQUILIBRE,82.8,0.048
K2110,EQUILIBRE,80.3,0.219
K2111,TRES EN TENSION,499.4,0.988
K2113,EN TENSION,107.9,0.291
K2116,SATURE,37.6,0.017
K2122,TRES EN TENSION,612.4,0.851
K2123,SATURE,27.6,0.052
K2132,SATURE,30.1,0.012
K2136,SATURE,32.6,0.062
K2137,SATURE,45.2,0.191
K2142,SATURE,47.7,0.153
K2147,SATURE,25.1,0.01
K2201,EQUILIBRE,50.2,0.063
K2202,SATURE,25.1,0.146
K2203,EQUILIBRE,70.3,0.264
K2204,EN TENSION,138.0,0.547
K2205,TRES EN TENSION,331.3,0.466
K2301,TRES EN TENSION,173.2,0.632
K2303,SATURE,30.1,0.011
K2304,SATURE,45.2,0.094
K2306,SATURE,40.2,0.122
K2307,EN TENSION,135.5,0.751
K2308,SATURE,25.1,0.153
K2317,SATURE,35.1,0.756
K2322,SATURE,45.2,0.373
K2401,SATURE,40.2,0.046
K2402,EN TENSION,105.4,0.969
K2405,SATURE,27.6,0.088
K2501,TRES EN TENSION,220.9,0.974
K2502,TRES EN TENSION,158.1,0.85
K2503,TRES EN TENSION,584.8,0.641
K2509,SATURE,30.1,0.419
K2602,EN TENSION,130.5,0.376
L1311,SATURE,32.6,0.419
L1504,SATURE,25.1,0.259
L1507,SATURE,35.1,0.537
L1508,SATURE,42.7,0.137
L1519,SATURE,27.6,0.039
M1101,TRES EN TENSION,391.5,0.909
M1102,TRES EN TENSION,215.8,0.216
M1201,EN TENSION,100.4,0.513
M1202,TRES EN TENSION,567.2,0.991
M1203,TRES EN TENSION,2196.0,0.957
M1204,TRES EN TENSION,414.1,0.91
M1205,TRES EN TENSION,188.2,0.642
M1206,TRES EN TENSION,544.6,0.874
M1207,EQUILIBRE,82.8,0.489
M1208,EQUILIBRE,70.3,0.879
M1209,EQUILIBRE,70.3,0.617
M1211,TRES EN TENSION,1139.4,0.995
M1213,TRES EN TENSION,577.2,0.947
M1216,EQUILIBRE,92.9,0.468
M1219,SATURE,37.6,0.408
M1222,SATURE,25.1,0.141
M1223,TRES EN TENSION,306.2,0.997
M1225,EQUILIBRE,65.3,0.13
M1228,EQUILIBRE,57.7,0.071
M1301,EQUILIBRE,85.3,0.649
M1302,TRES EN TENSION,246.0,0.352
M1304,SATURE,27.6,0.07
M1401,EQUILIBRE,97.9,0.257
M1402,TRES EN TENSION,662.6,0.954
M1403,EQUILIBRE,75.3,0.216
M1404,SATURE,32.6,0.053
M1405,EN TENSION,135.5,0.966
M1413,EQUILIBRE,50.2,0.03
M1417,SATURE,32.6,0.386
M1419,EN TENSION,140.5,0.474
M1426,SATURE,40.2,0.16
M1429,TRES EN TENSION,178.2,0.899
M1430,TRES EN TENSION,183.2,0.904
M1432,EQUILIBRE,80.3,0.204
M1501,TRES EN TENSION,602.3,0.727
M1502,TRES EN TENSION,770.5,0.952
M1503,TRES EN TENSION,368.9,0.883
M1504,EQUILIBRE,70.3,0.199
M1506,EQUILIBRE,62.7,0.104
M1507,TRES EN TENSION,788.1,0.89
M1508,TRES EN TENSION,153.1,0.096
M1509,EN TENSION,138.0,0.615
M1510,SATURE,30.1,0.019
M1512,SATURE,35.1,0.311
M1601,TRES EN TENSION,672.6,0.846
M1602,EN TENSION,128.0,0.932
M1603,EQUILIBRE,72.8,0.619
M1604,TRES EN TENSION,717.8,0.947
M1605,EN TENSION,125.5,0.91
M1606,EQUILIBRE,67.8,0.329
M1607,TRES EN TENSION,1440.6,0.974
M1608,EQUILIBRE,60.2,0.103
M1609,TRES EN TENSION,476.9,0.952
M1612,EN TENSION,135.5,0.729
M1618,SATURE,40.2,0.455
M1620,EQUILIBRE,97.9,0.062
M1701,EN TENSION,128.0,0.167
M1702,EN TENSION,125.5,0.321
M1703,TRES EN TENSION,271.1,0.7
M1704,TRES EN TENSION,542.1,0.065
M1705,TRES EN TENSION,163.1,0.967
M1706,EQUILIBRE,67.8,0.052
M1707,TRES EN TENSION,559.7,0.996
M1711,SATURE,32.6,0.133
M1715,TRES EN TENSION,185.7,0.038
M1716,EQUILIBRE,92.9,0.039
M1718,EN TENSION,112.9,0.912
M1801,EN TENSION,143.1,0.512
M1802,TRES EN TENSION,426.7,0.98
M1803,EN TENSION,100.4,0.428
M1804,EQUILIBRE,82.8,0.661
M1805,TRES EN TENSION,519.5,0.992
M1806,TRES EN TENSION,597.3,0.992
M1807,EN TENSION,100.4,0.612
M1810,TRES EN TENSION,163.1,0.985
M1811,TRES EN TENSION,514.5,0.946
M1812,EQUILIBRE,90.4,0.032
M1813,EN TENSION,133.0,0.288
M1814,EQUILIBRE,72.8,0.907
M1815,SATURE,30.1,0.012
M1816,EQUILIBRE,52.7,0.055
M1818,EN TENSION,123.0,0.864
M1821,EQUILIBRE,70.3,0.079
M1823,EQUILIBRE,62.7,0.282
M1826,SATURE,42.7,0.112
M1827,TRES EN TENSION,215.8,0.958
M1828,TRES EN TENSION,343.8,0.486
M1831,SATURE,40.2,0.074
M1835,SATURE,27.6,0.005
M1836,EQUILIBRE,57.7,0.047
M1838,SATURE,32.6,0.019
M1839,EN TENSION,138.0,0.994
M1841,EQUILIBRE,70.3,0.621
M1842,SATURE,25.1,0.016
M1843,SATURE,32.6,0.016
M1844,SATURE,25.1,0.279
M1851,SATURE,42.7,0.094
M1852,EQUILIBRE,67.8,0.562
M1853,TRES EN TENSION,190.7,0.799
M1854,EQUILIBRE,70.3,0.284
M1855,TRES EN TENSION,466.8,0.739
M1856,TRES EN TENSION,175.7,0.958
M1858,EN TENSION,128.0,0.949
M1860,TRES EN TENSION,183.2,0.96
M1861,EQUILIBRE,75.3,0.478
M1862,SATURE,35.1,0.023
M1863,EQUILIBRE,55.2,0.582
M1864,EN TENSION,120.5,0.689
M1867,EQUILIBRE,85.3,0.488
M1868,TRES EN TENSION,150.6,0.936
M1870,SATURE,30.1,0.078
M1872,SATURE,25.1,0.031
M1875,SATURE,37.6,0.085
M1876,SATURE,40.2,0.085
M1879,EQUILIBRE,75.3,0.035
M1881,EN TENSION,100.4,0.292
M1882,EQUILIBRE,70.3,0.012
M1884,EN TENSION,130.5,0.216
M1885,EQUILIBRE,67.8,0.845
M1886,EN TENSION,135.5,0.748
M1889,TRES EN TENSION,293.6,0.099
M1894,EQUILIBRE,70.3,0.267
M1895,SATURE,27.6,0.134
N1101,TRES EN TENSION,860.8,0.865
N1102,SATURE,45.2,0.42
N1103,TRES EN TENSION,843.3,0.852
N1104,SATURE,32.6,0.221
N1105,TRES EN TENSION,441.7,0.808
N1108,SATURE,32.6,0.04
N1110,TRES EN TENSION,936.1,0.785
N1112,TRES EN TENSION,155.6,0.719
N1113,EN TENSION,135.5,0.172
N1115,TRES EN TENSION,278.6,0.79
N1116,EN TENSION,110.4,0.64
N1201,EQUILIBRE,57.7,0.172
N1202,EN TENSION,112.9,0.971
N1203,SATURE,35.1,0.119
N1209,TRES EN TENSION,228.4,0.799
N1210,EN TENSION,120.5,0.901
N1301,TRES EN TENSION,251.0,0.965
N1302,EQUILIBRE,90.4,0.897
N1303,TRES EN TENSION,195.8,0.177
N1304,EQUILIBRE,55.2,0.3
N2102,EQUILIBRE,60.2,0.054
N2201,EQUILIBRE,55.2,0.123
N2202,SATURE,32.6,0.02
N2203,EQUILIBRE,92.9,0.08
N4101,TRES EN TENSION,941.2,0.908
N4102,SATURE,30.1,0.261
N4103,TRES EN TENSION,474.3,0.931
N4104,SATURE,30.1,0.365
N4105,TRES EN TENSION,406.6,0.647
N4108,SATURE,32.6,0.543
N4109,EQUILIBRE,67.8,0.389
N4111,SATURE,32.6,0.057
N4112,SATURE,27.6,0.727
N4115,EN TENSION,115.4,0.62
N4116,EQUILIBRE,90.4,0.131
N4118,EQUILIBRE,85.3,0.35
N4127,SATURE,27.6,0.046
N4201,SATURE,32.6,0.033
N4203,TRES EN TENSION,183.2,0.509
N4204,EQUILIBRE,82.8,0.192
N4205,SATURE,47.7,0.044
N4301,EQUILIBRE,52.7,0.515
N4401,EN TENSION,143.1,0.831
